[
  {
    "id": "1e91917a-9999-4c72-b51c-c50b5824b37f",
    "data": [
      {
        "text": "what is my available account balance",
        "userDefined": false
      }
    ],
    "isTemplate": false,
    "count": 0,
    "updated": 1506322702
  },
  {
    "id": "fbd00f54-67dd-4aed-990f-7a7294c4dba4",
    "data": [
      {
        "text": "what is my account balance",
        "userDefined": false
      }
    ],
    "isTemplate": false,
    "count": 0,
    "updated": 0
  },
  {
    "id": "9c86840e-b860-4748-910a-897bbde8a652",
    "data": [
      {
        "text": "i want to check my account balance",
        "userDefined": false
      }
    ],
    "isTemplate": false,
    "count": 0,
    "updated": 0
  }
]