[
  {
    "id": "8217df5d-9cdd-4913-8321-381c3a2c6ecd",
    "data": [
      {
        "text": "i want to transfer money to mother",
        "userDefined": false
      }
    ],
    "isTemplate": false,
    "count": 0,
    "updated": 1506582368
  },
  {
    "id": "e2cf6318-12bb-401d-aaae-970409412105",
    "data": [
      {
        "text": "i want to transfer money to mom",
        "userDefined": false
      }
    ],
    "isTemplate": false,
    "count": 0,
    "updated": 1506320215
  },
  {
    "id": "aca5ba43-8fdb-4ac2-984d-5709ebf2aa61",
    "data": [
      {
        "text": "i want to transfer ",
        "userDefined": false
      },
      {
        "text": "10000",
        "alias": "amount",
        "meta": "@sys.number",
        "userDefined": true
      },
      {
        "text": " to mom",
        "userDefined": false
      }
    ],
    "isTemplate": false,
    "count": 0,
    "updated": 1506318792
  },
  {
    "id": "4b10415c-0f0f-43f6-b104-2d51f56199b0",
    "data": [
      {
        "text": "i want to transfer ",
        "userDefined": false
      },
      {
        "text": "10k",
        "alias": "amount",
        "meta": "@sys.number",
        "userDefined": true
      },
      {
        "text": " to mom",
        "userDefined": false
      }
    ],
    "isTemplate": false,
    "count": 0,
    "updated": 1506318792
  }
]