[
  {
    "id": "3171f74b-04af-4693-978f-184871718142",
    "data": [
      {
        "text": "yes confirmed",
        "userDefined": false
      }
    ],
    "isTemplate": false,
    "count": 0,
    "updated": 1506320001
  },
  {
    "id": "989ac66f-ac14-499d-ab32-c2fc3af6e218",
    "data": [
      {
        "text": "ok",
        "userDefined": false
      }
    ],
    "isTemplate": false,
    "count": 0,
    "updated": 1506320001
  },
  {
    "id": "b8dc7a58-84a8-492a-9639-9d694aa0e3ac",
    "data": [
      {
        "text": "confirmed",
        "userDefined": false
      }
    ],
    "isTemplate": false,
    "count": 0,
    "updated": 0
  },
  {
    "id": "4866abd2-b9a2-4af0-9b4b-46e32e673f35",
    "data": [
      {
        "text": "sure",
        "userDefined": false
      }
    ],
    "isTemplate": false,
    "count": 0,
    "updated": 0
  },
  {
    "id": "141c96bd-46b9-42a5-9666-6821c0f3e9a2",
    "data": [
      {
        "text": "yes",
        "userDefined": false
      }
    ],
    "isTemplate": false,
    "count": 0,
    "updated": 0
  }
]